-- phpMyAdmin SQL Dump
-- version 5.2.1
-- https://www.phpmyadmin.net/
--
-- Host: 127.0.0.1
-- Generation Time: May 05, 2025 at 04:37 PM
-- Server version: 10.4.32-MariaDB
-- PHP Version: 8.2.12

SET SQL_MODE = "NO_AUTO_VALUE_ON_ZERO";
START TRANSACTION;
SET time_zone = "+00:00";


/*!40101 SET @OLD_CHARACTER_SET_CLIENT=@@CHARACTER_SET_CLIENT */;
/*!40101 SET @OLD_CHARACTER_SET_RESULTS=@@CHARACTER_SET_RESULTS */;
/*!40101 SET @OLD_COLLATION_CONNECTION=@@COLLATION_CONNECTION */;
/*!40101 SET NAMES utf8mb4 */;

--
-- Database: `bus29`
--

-- --------------------------------------------------------

--
-- Table structure for table `admin`
--

CREATE TABLE `admin` (
  `id` int(11) NOT NULL,
  `username` varchar(255) NOT NULL,
  `password` varchar(255) NOT NULL
) ENGINE=InnoDB DEFAULT CHARSET=utf8mb4 COLLATE=utf8mb4_general_ci;

--
-- Dumping data for table `admin`
--

INSERT INTO `admin` (`id`, `username`, `password`) VALUES
(1, 'admin', 'admin123');

-- --------------------------------------------------------

--
-- Table structure for table `bookings`
--

CREATE TABLE `bookings` (
  `id` int(11) NOT NULL,
  `user_id` int(11) NOT NULL,
  `bus_id` int(11) NOT NULL,
  `passenger_name` varchar(255) DEFAULT NULL,
  `seats_booked` int(11) NOT NULL,
  `booking_time` timestamp NOT NULL DEFAULT current_timestamp(),
  `booking_date` date DEFAULT NULL,
  `seat_number` varchar(10) NOT NULL,
  `payment_id` int(11) DEFAULT NULL,
  `seats` int(11) DEFAULT NULL,
  `status` enum('Booked','Canceled') DEFAULT 'Booked'
) ENGINE=InnoDB DEFAULT CHARSET=utf8mb4 COLLATE=utf8mb4_general_ci;

--
-- Dumping data for table `bookings`
--

INSERT INTO `bookings` (`id`, `user_id`, `bus_id`, `passenger_name`, `seats_booked`, `booking_time`, `booking_date`, `seat_number`, `payment_id`, `seats`, `status`) VALUES
(61, 9, 7, NULL, 0, '2025-04-20 14:17:52', '2025-04-20', 'H4', 24, NULL, 'Booked'),
(62, 9, 3, NULL, 0, '2025-04-20 14:18:54', '2025-04-20', 'I3', 25, NULL, 'Booked'),
(63, 9, 11, NULL, 0, '2025-04-20 16:33:41', '2025-04-20', 'F3', 26, NULL, 'Booked'),
(64, 9, 11, NULL, 0, '2025-04-20 16:36:21', '2025-04-20', 'F4', 27, NULL, 'Booked'),
(65, 9, 11, NULL, 0, '2025-04-20 16:51:16', '2025-04-20', 'E5', 28, NULL, 'Booked'),
(68, 13, 11, NULL, 0, '2025-04-21 07:06:16', '2025-04-21', 'D4', 31, NULL, 'Booked'),
(69, 12, 11, NULL, 0, '2025-04-21 10:11:56', '2025-04-21', 'A1', 32, NULL, 'Booked'),
(70, 12, 11, NULL, 0, '2025-04-22 04:22:36', '2025-04-22', 'E2', 33, NULL, 'Booked'),
(72, 15, 11, NULL, 0, '2025-04-23 09:19:45', '2025-04-23', 'F1', 34, NULL, 'Booked'),
(74, 15, 11, NULL, 0, '2025-04-23 09:21:11', '2025-04-23', 'C4', 35, NULL, 'Booked'),
(75, 15, 11, NULL, 0, '2025-04-23 09:21:11', '2025-04-23', 'C5', 35, NULL, 'Booked'),
(76, 16, 11, NULL, 0, '2025-04-28 04:16:33', '2025-04-28', 'F5', 36, NULL, 'Booked'),
(77, 17, 11, NULL, 0, '2025-04-28 04:21:03', '2025-04-28', 'C3', 37, NULL, 'Booked'),
(78, 17, 11, NULL, 0, '2025-04-28 04:21:03', '2025-04-28', 'D3', 37, NULL, 'Booked'),
(79, 18, 12, NULL, 0, '2025-04-28 09:24:21', '2025-04-28', 'D1', 38, NULL, 'Booked'),
(80, 18, 12, NULL, 0, '2025-04-28 09:24:21', '2025-04-28', 'D2', 38, NULL, 'Booked'),
(81, 18, 12, NULL, 0, '2025-04-28 09:24:55', '2025-04-28', 'G3', 39, NULL, 'Booked'),
(83, 18, 12, NULL, 0, '2025-04-28 09:24:55', '2025-04-28', 'G5', 39, NULL, 'Booked'),
(84, 21, 12, NULL, 0, '2025-04-28 10:03:52', '2025-04-28', 'D3', 40, NULL, 'Booked'),
(85, 21, 12, NULL, 0, '2025-04-28 10:04:13', '2025-04-28', 'D4', 41, NULL, 'Booked'),
(86, 21, 12, NULL, 0, '2025-04-28 10:04:13', '2025-04-28', 'F3', 41, NULL, 'Booked'),
(88, 22, 12, NULL, 0, '2025-04-28 16:20:36', '2025-04-28', 'F2', 42, NULL, 'Booked'),
(89, 9, 15, NULL, 0, '2025-04-29 01:39:22', '2025-04-29', 'I2', 43, NULL, 'Booked'),
(90, 9, 15, NULL, 0, '2025-04-29 01:39:22', '2025-04-29', 'J2', 43, NULL, 'Booked'),
(92, 9, 15, NULL, 0, '2025-04-29 02:00:34', '2025-04-29', 'I3', 45, NULL, 'Booked'),
(93, 9, 15, NULL, 0, '2025-04-29 10:08:19', '2025-04-29', 'I4', 46, NULL, 'Booked'),
(94, 9, 15, NULL, 0, '2025-04-29 10:08:19', '2025-04-29', 'J4', 46, NULL, 'Booked'),
(96, 23, 18, NULL, 0, '2025-05-03 09:47:24', '2025-05-03', 'C5', 48, NULL, 'Booked'),
(97, 23, 18, NULL, 0, '2025-05-04 14:49:16', '2025-05-04', 'F4', 49, NULL, 'Booked'),
(98, 23, 18, NULL, 0, '2025-05-04 14:49:16', '2025-05-04', 'F5', 49, NULL, 'Booked'),
(99, 23, 12, NULL, 0, '2025-05-05 10:10:15', '2025-05-05', 'C1', 50, NULL, 'Booked'),
(100, 23, 12, NULL, 0, '2025-05-05 10:10:15', '2025-05-05', 'C2', 50, NULL, 'Booked'),
(102, 25, 21, NULL, 0, '2025-05-05 14:17:58', '2025-05-05', 'A2', 51, NULL, 'Booked'),
(103, 25, 21, NULL, 0, '2025-05-05 14:25:08', '2025-05-05', 'J3', 52, NULL, 'Booked');

-- --------------------------------------------------------

--
-- Table structure for table `buses`
--

CREATE TABLE `buses` (
  `id` int(11) NOT NULL,
  `name` varchar(255) NOT NULL,
  `type` varchar(50) NOT NULL,
  `timing` time NOT NULL,
  `date` date DEFAULT NULL,
  `total_seats` int(11) NOT NULL,
  `is_deleted` tinyint(1) DEFAULT 0,
  `is_edited` tinyint(1) DEFAULT 0,
  `is_completed` tinyint(1) DEFAULT 0,
  `is_canceled` tinyint(1) DEFAULT 0,
  `maintenance_log` text DEFAULT NULL,
  `amount_per_seat` decimal(10,2) NOT NULL DEFAULT 0.00,
  `source` varchar(255) NOT NULL,
  `destination` varchar(255) NOT NULL
) ENGINE=InnoDB DEFAULT CHARSET=utf8mb4 COLLATE=utf8mb4_general_ci;

--
-- Dumping data for table `buses`
--

INSERT INTO `buses` (`id`, `name`, `type`, `timing`, `date`, `total_seats`, `is_deleted`, `is_edited`, `is_completed`, `is_canceled`, `maintenance_log`, `amount_per_seat`, `source`, `destination`) VALUES
(3, 'vishal', 'sitting', '10:00:00', '2025-05-05', 50, 1, 1, 0, 0, NULL, 0.00, 'hebri', 'mumbai'),
(5, 'fgh', 'dfgh', '00:34:56', '2025-05-05', 345, 1, 0, 0, 0, NULL, 0.00, 'sdfgh', 'sdfgh'),
(6, 'bhagavathi', 'goliangady-bangalore', '07:00:00', NULL, 46, 1, 0, 0, 0, NULL, 0.00, 'sleeper', 'sleeper'),
(7, 'bhagavathi', 'sleeper', '07:00:00', NULL, 46, 1, 1, 0, 0, NULL, 0.00, 'goliangadi', 'bangalore'),
(8, 'durgamba', 'ac', '08:00:00', NULL, 32, 1, 0, 0, 0, NULL, 0.00, 'manglore', 'banglore'),
(9, 'sannidhi', 'non-ac', '06:00:00', NULL, 56, 1, 0, 0, 0, NULL, 0.00, 'hebri', 'mumbai'),
(10, 'sannidhi', 'ac', '06:00:00', NULL, 56, 1, 0, 0, 0, NULL, 0.00, 'hebri', 'mumbai'),
(11, 'lakshmi', 'sitting', '04:30:00', '2025-05-13', 30, 0, 1, 0, 0, NULL, 50.00, 'kundapur', 'shivamogga'),
(12, 'swarna', 'AC', '09:00:00', '2025-05-21', 35, 0, 1, 0, 0, NULL, 80.00, 'UDUPI', 'KARKALA'),
(13, 'SNPP', 'AC', '09:00:00', NULL, 50, 1, 1, 0, 0, NULL, 500.00, 'INDIA', 'AMERICA'),
(14, 'SNPP', 'AC', '12:00:00', NULL, 50, 1, 0, 0, 0, NULL, 500.00, 'INDIA', 'AMERICA'),
(15, 'SNPP', 'AC', '09:00:00', NULL, 50, 0, 0, 0, 0, NULL, 500.00, 'INDIA', 'AMERICA'),
(16, 'SNPP', 'AC', '09:00:00', NULL, 50, 1, 0, 0, 0, NULL, 500.00, 'INDIA', 'AMERICA'),
(17, 'VISHAL', 'SLEEPER', '10:00:00', NULL, 50, 0, 1, 0, 0, NULL, 780.00, 'MANGALORE', 'BANGALORE'),
(18, 'DURGAMBA', 'SITTING', '04:00:00', NULL, 32, 0, 1, 0, 0, NULL, 50.00, 'KUNDAPUR', 'HEBRI'),
(19, 'DURGAMBA', 'NON-AC', '09:30:00', NULL, 45, 0, 1, 0, 0, NULL, 250.00, 'KUNDAPUR', 'HYDERBAD'),
(20, 'axa', 'AC', '06:00:00', NULL, 20, 0, 0, 0, 0, NULL, 300.00, 'udupi', 'bangalore'),
(21, 'sss', 'AC', '02:10:00', '2025-05-17', 50, 0, 0, 0, 0, NULL, 1999.00, 'bengaluru', 'mumbai');

-- --------------------------------------------------------

--
-- Table structure for table `cancellations`
--

CREATE TABLE `cancellations` (
  `id` int(11) NOT NULL,
  `booking_id` int(11) DEFAULT NULL,
  `user_id` int(11) DEFAULT NULL,
  `bus_id` int(11) DEFAULT NULL,
  `seat_number` varchar(10) DEFAULT NULL,
  `canceled_at` datetime DEFAULT current_timestamp()
) ENGINE=InnoDB DEFAULT CHARSET=utf8mb4 COLLATE=utf8mb4_general_ci;

--
-- Dumping data for table `cancellations`
--

INSERT INTO `cancellations` (`id`, `booking_id`, `user_id`, `bus_id`, `seat_number`, `canceled_at`) VALUES
(1, NULL, 12, 11, 'F2', '2025-04-22 09:52:45'),
(2, NULL, 12, 11, 'F2', '2025-04-22 09:54:43'),
(3, NULL, 9, 7, 'H3', '2025-04-22 09:57:54'),
(4, NULL, 15, 11, 'F2', '2025-04-23 14:50:36'),
(5, NULL, 18, 12, 'G4', '2025-04-28 14:55:42'),
(6, NULL, 22, 12, 'E2', '2025-04-28 21:50:44'),
(7, NULL, 9, 15, 'J3', '2025-04-30 09:13:35'),
(8, NULL, 23, 17, 'H2', '2025-05-02 15:47:20'),
(9, NULL, 25, 21, 'A1', '2025-05-05 19:56:34');

-- --------------------------------------------------------

--
-- Table structure for table `maintenance_logs`
--

CREATE TABLE `maintenance_logs` (
  `id` int(11) NOT NULL,
  `bus_id` int(11) DEFAULT NULL,
  `maintenance_date` date DEFAULT NULL,
  `details` text DEFAULT NULL
) ENGINE=InnoDB DEFAULT CHARSET=utf8mb4 COLLATE=utf8mb4_general_ci;

-- --------------------------------------------------------

--
-- Table structure for table `payments`
--

CREATE TABLE `payments` (
  `id` int(11) NOT NULL,
  `user_id` int(11) NOT NULL,
  `bus_id` int(11) NOT NULL,
  `amount` decimal(10,2) NOT NULL,
  `payment_method` varchar(50) NOT NULL,
  `payment_status` varchar(20) NOT NULL DEFAULT 'Pending',
  `payment_date` timestamp NOT NULL DEFAULT current_timestamp()
) ENGINE=InnoDB DEFAULT CHARSET=utf8mb4 COLLATE=utf8mb4_general_ci;

--
-- Dumping data for table `payments`
--

INSERT INTO `payments` (`id`, `user_id`, `bus_id`, `amount`, `payment_method`, `payment_status`, `payment_date`) VALUES
(22, 9, 7, 100.00, 'UPI', 'Success', '2025-04-20 13:11:17'),
(23, 9, 7, 100.00, 'UPI', 'Success', '2025-04-20 14:05:41'),
(24, 9, 7, 200.00, 'UPI', 'Success', '2025-04-20 14:17:52'),
(25, 9, 3, 100.00, 'UPI', 'Success', '2025-04-20 14:18:54'),
(26, 9, 11, 50.00, 'UPI', 'Success', '2025-04-20 16:33:41'),
(27, 9, 11, 50.00, 'NetBanking', 'Success', '2025-04-20 16:36:21'),
(28, 9, 11, 50.00, 'Card', 'Success', '2025-04-20 16:51:16'),
(29, 12, 11, 50.00, 'Card', 'Success', '2025-04-21 06:24:47'),
(30, 13, 11, 50.00, 'NetBanking', 'Success', '2025-04-21 07:05:43'),
(31, 13, 11, 50.00, 'NetBanking', 'Success', '2025-04-21 07:06:16'),
(32, 12, 11, 50.00, 'NetBanking', 'Success', '2025-04-21 10:11:56'),
(33, 12, 11, 100.00, 'UPI', 'Success', '2025-04-22 04:22:36'),
(34, 15, 11, 100.00, 'UPI', 'Success', '2025-04-23 09:19:45'),
(35, 15, 11, 100.00, 'UPI', 'Success', '2025-04-23 09:21:11'),
(36, 16, 11, 50.00, 'Card', 'Success', '2025-04-28 04:16:33'),
(37, 17, 11, 100.00, 'NetBanking', 'Success', '2025-04-28 04:21:03'),
(38, 18, 12, 160.00, 'NetBanking', 'Success', '2025-04-28 09:24:21'),
(39, 18, 12, 240.00, 'Card', 'Success', '2025-04-28 09:24:55'),
(40, 21, 12, 80.00, 'UPI', 'Success', '2025-04-28 10:03:52'),
(41, 21, 12, 160.00, 'NetBanking', 'Success', '2025-04-28 10:04:13'),
(42, 22, 12, 160.00, 'UPI', 'Success', '2025-04-28 16:20:36'),
(43, 9, 15, 1000.00, 'NetBanking', 'Success', '2025-04-29 01:39:22'),
(44, 9, 15, 500.00, 'UPI', 'Success', '2025-04-29 01:53:07'),
(45, 9, 15, 500.00, 'Card', 'Success', '2025-04-29 02:00:34'),
(46, 9, 15, 1000.00, 'Card', 'Success', '2025-04-29 10:08:19'),
(47, 23, 17, 780.00, 'NetBanking', 'Success', '2025-05-02 10:16:16'),
(48, 23, 18, 50.00, 'Card', 'Success', '2025-05-03 09:47:23'),
(49, 23, 18, 100.00, 'UPI', 'Success', '2025-05-04 14:49:16'),
(50, 23, 12, 160.00, 'Card', 'Success', '2025-05-05 10:10:15'),
(51, 25, 21, 3998.00, 'UPI', 'Success', '2025-05-05 14:17:58'),
(52, 25, 21, 1999.00, 'Card', 'Success', '2025-05-05 14:25:08');

-- --------------------------------------------------------

--
-- Table structure for table `receipts`
--

CREATE TABLE `receipts` (
  `id` int(11) NOT NULL,
  `user_id` int(11) DEFAULT NULL,
  `bus_id` int(11) DEFAULT NULL,
  `seats_booked` varchar(255) DEFAULT NULL,
  `amount_paid` decimal(10,2) DEFAULT NULL,
  `payment_date` datetime DEFAULT current_timestamp()
) ENGINE=InnoDB DEFAULT CHARSET=utf8mb4 COLLATE=utf8mb4_general_ci;

-- --------------------------------------------------------

--
-- Table structure for table `seats`
--

CREATE TABLE `seats` (
  `id` int(11) NOT NULL,
  `bus_id` int(11) NOT NULL,
  `seat_number` varchar(10) NOT NULL,
  `is_booked` tinyint(1) DEFAULT 0,
  `status` enum('available','booked') DEFAULT 'available'
) ENGINE=InnoDB DEFAULT CHARSET=utf8mb4 COLLATE=utf8mb4_general_ci;

--
-- Dumping data for table `seats`
--

INSERT INTO `seats` (`id`, `bus_id`, `seat_number`, `is_booked`, `status`) VALUES
(674, 3, 'S1', 0, 'available'),
(675, 3, 'S2', 0, 'available'),
(676, 3, 'S3', 0, 'available'),
(677, 3, 'S4', 0, 'available'),
(678, 3, 'S5', 0, 'available'),
(679, 3, 'S6', 0, 'available'),
(680, 3, 'S7', 0, 'available'),
(681, 3, 'S8', 0, 'available'),
(682, 3, 'S9', 0, 'available'),
(683, 3, 'S10', 0, 'available'),
(684, 3, 'S11', 0, 'available'),
(685, 3, 'S12', 0, 'available'),
(686, 3, 'S13', 0, 'available'),
(687, 3, 'S14', 0, 'available'),
(688, 3, 'S15', 0, 'available'),
(689, 3, 'S16', 0, 'available'),
(690, 3, 'S17', 0, 'available'),
(691, 3, 'S18', 0, 'available'),
(692, 3, 'S19', 0, 'available'),
(693, 3, 'S20', 0, 'available'),
(694, 3, 'S21', 0, 'available'),
(695, 3, 'S22', 0, 'available'),
(696, 3, 'S23', 0, 'available'),
(697, 3, 'S24', 0, 'available'),
(698, 3, 'S25', 0, 'available'),
(699, 3, 'S26', 0, 'available'),
(700, 3, 'S27', 0, 'available'),
(701, 3, 'S28', 0, 'available'),
(702, 3, 'S29', 0, 'available'),
(703, 3, 'S30', 0, 'available'),
(704, 3, 'S31', 0, 'available'),
(705, 3, 'S32', 0, 'available'),
(706, 3, 'S33', 0, 'available'),
(707, 3, 'S34', 0, 'available'),
(708, 3, 'S35', 0, 'available'),
(709, 3, 'S36', 0, 'available'),
(710, 3, 'S37', 0, 'available'),
(711, 3, 'S38', 0, 'available'),
(712, 3, 'S39', 0, 'available'),
(713, 3, 'S40', 0, 'available'),
(714, 3, 'S41', 0, 'available'),
(715, 3, 'S42', 0, 'available'),
(716, 3, 'S43', 0, 'available'),
(717, 3, 'S44', 0, 'available'),
(718, 3, 'S45', 0, 'available'),
(719, 3, 'S46', 0, 'available'),
(720, 3, 'S47', 0, 'available'),
(721, 3, 'S48', 0, 'available'),
(722, 3, 'S49', 0, 'available'),
(723, 3, 'S50', 0, 'available'),
(724, 3, 'S51', 0, 'available'),
(725, 3, 'S52', 0, 'available'),
(726, 3, 'S53', 0, 'available'),
(727, 3, 'S54', 0, 'available'),
(728, 3, 'S55', 0, 'available'),
(729, 3, 'S56', 0, 'available'),
(730, 3, 'S57', 0, 'available'),
(731, 3, 'S58', 0, 'available'),
(732, 3, 'S59', 0, 'available'),
(733, 3, 'S60', 0, 'available'),
(734, 3, 'S61', 0, 'available'),
(735, 3, 'S62', 0, 'available'),
(736, 3, 'S63', 0, 'available'),
(737, 3, 'S64', 0, 'available'),
(738, 3, 'S65', 0, 'available'),
(739, 3, 'S66', 0, 'available'),
(740, 3, 'S67', 0, 'available'),
(1086, 5, 'S1', 0, 'available'),
(1087, 5, 'S2', 0, 'available'),
(1088, 5, 'S3', 0, 'available'),
(1089, 5, 'S4', 0, 'available'),
(1090, 5, 'S5', 0, 'available'),
(1091, 5, 'S6', 0, 'available'),
(1092, 5, 'S7', 0, 'available'),
(1093, 5, 'S8', 0, 'available'),
(1094, 5, 'S9', 0, 'available'),
(1095, 5, 'S10', 0, 'available'),
(1096, 5, 'S11', 0, 'available'),
(1097, 5, 'S12', 0, 'available'),
(1098, 5, 'S13', 0, 'available'),
(1099, 5, 'S14', 0, 'available'),
(1100, 5, 'S15', 0, 'available'),
(1101, 5, 'S16', 0, 'available'),
(1102, 5, 'S17', 0, 'available'),
(1103, 5, 'S18', 0, 'available'),
(1104, 5, 'S19', 0, 'available'),
(1105, 5, 'S20', 0, 'available'),
(1106, 5, 'S21', 0, 'available'),
(1107, 5, 'S22', 0, 'available'),
(1108, 5, 'S23', 0, 'available'),
(1109, 5, 'S24', 0, 'available'),
(1110, 5, 'S25', 0, 'available'),
(1111, 5, 'S26', 0, 'available'),
(1112, 5, 'S27', 0, 'available'),
(1113, 5, 'S28', 0, 'available'),
(1114, 5, 'S29', 0, 'available'),
(1115, 5, 'S30', 0, 'available'),
(1116, 5, 'S31', 0, 'available'),
(1117, 5, 'S32', 0, 'available'),
(1118, 5, 'S33', 0, 'available'),
(1119, 5, 'S34', 0, 'available'),
(1120, 5, 'S35', 0, 'available'),
(1121, 5, 'S36', 0, 'available'),
(1122, 5, 'S37', 0, 'available'),
(1123, 5, 'S38', 0, 'available'),
(1124, 5, 'S39', 0, 'available'),
(1125, 5, 'S40', 0, 'available'),
(1126, 5, 'S41', 0, 'available'),
(1127, 5, 'S42', 0, 'available'),
(1128, 5, 'S43', 0, 'available'),
(1129, 5, 'S44', 0, 'available'),
(1130, 5, 'S45', 0, 'available'),
(1131, 5, 'S46', 0, 'available'),
(1132, 5, 'S47', 0, 'available'),
(1133, 5, 'S48', 0, 'available'),
(1134, 5, 'S49', 0, 'available'),
(1135, 5, 'S50', 0, 'available'),
(1136, 5, 'S51', 0, 'available'),
(1137, 5, 'S52', 0, 'available'),
(1138, 5, 'S53', 0, 'available'),
(1139, 5, 'S54', 0, 'available'),
(1140, 5, 'S55', 0, 'available'),
(1141, 5, 'S56', 0, 'available'),
(1142, 5, 'S57', 0, 'available'),
(1143, 5, 'S58', 0, 'available'),
(1144, 5, 'S59', 0, 'available'),
(1145, 5, 'S60', 0, 'available'),
(1146, 5, 'S61', 0, 'available'),
(1147, 5, 'S62', 0, 'available'),
(1148, 5, 'S63', 0, 'available'),
(1149, 5, 'S64', 0, 'available'),
(1150, 5, 'S65', 0, 'available'),
(1151, 5, 'S66', 0, 'available'),
(1152, 5, 'S67', 0, 'available'),
(1153, 5, 'S68', 0, 'available'),
(1154, 5, 'S69', 0, 'available'),
(1155, 5, 'S70', 0, 'available'),
(1156, 5, 'S71', 0, 'available'),
(1157, 5, 'S72', 0, 'available'),
(1158, 5, 'S73', 0, 'available'),
(1159, 5, 'S74', 0, 'available'),
(1160, 5, 'S75', 0, 'available'),
(1161, 5, 'S76', 0, 'available'),
(1162, 5, 'S77', 0, 'available'),
(1163, 5, 'S78', 0, 'available'),
(1164, 5, 'S79', 0, 'available'),
(1165, 5, 'S80', 0, 'available'),
(1166, 5, 'S81', 0, 'available'),
(1167, 5, 'S82', 0, 'available'),
(1168, 5, 'S83', 0, 'available'),
(1169, 5, 'S84', 0, 'available'),
(1170, 5, 'S85', 0, 'available'),
(1171, 5, 'S86', 0, 'available'),
(1172, 5, 'S87', 0, 'available'),
(1173, 5, 'S88', 0, 'available'),
(1174, 5, 'S89', 0, 'available'),
(1175, 5, 'S90', 0, 'available'),
(1176, 5, 'S91', 0, 'available'),
(1177, 5, 'S92', 0, 'available'),
(1178, 5, 'S93', 0, 'available'),
(1179, 5, 'S94', 0, 'available'),
(1180, 5, 'S95', 0, 'available'),
(1181, 5, 'S96', 0, 'available'),
(1182, 5, 'S97', 0, 'available'),
(1183, 5, 'S98', 0, 'available'),
(1184, 5, 'S99', 0, 'available'),
(1185, 5, 'S100', 0, 'available'),
(1186, 5, 'S101', 0, 'available'),
(1187, 5, 'S102', 0, 'available'),
(1188, 5, 'S103', 0, 'available'),
(1189, 5, 'S104', 0, 'available'),
(1190, 5, 'S105', 0, 'available'),
(1191, 5, 'S106', 0, 'available'),
(1192, 5, 'S107', 0, 'available'),
(1193, 5, 'S108', 0, 'available'),
(1194, 5, 'S109', 0, 'available'),
(1195, 5, 'S110', 0, 'available'),
(1196, 5, 'S111', 0, 'available'),
(1197, 5, 'S112', 0, 'available'),
(1198, 5, 'S113', 0, 'available'),
(1199, 5, 'S114', 0, 'available'),
(1200, 5, 'S115', 0, 'available'),
(1201, 5, 'S116', 0, 'available'),
(1202, 5, 'S117', 0, 'available'),
(1203, 5, 'S118', 0, 'available'),
(1204, 5, 'S119', 0, 'available'),
(1205, 5, 'S120', 0, 'available'),
(1206, 5, 'S121', 0, 'available'),
(1207, 5, 'S122', 0, 'available'),
(1208, 5, 'S123', 0, 'available'),
(1209, 5, 'S124', 0, 'available'),
(1210, 5, 'S125', 0, 'available'),
(1211, 5, 'S126', 0, 'available'),
(1212, 5, 'S127', 0, 'available'),
(1213, 5, 'S128', 0, 'available'),
(1214, 5, 'S129', 0, 'available'),
(1215, 5, 'S130', 0, 'available'),
(1216, 5, 'S131', 0, 'available'),
(1217, 5, 'S132', 0, 'available'),
(1218, 5, 'S133', 0, 'available'),
(1219, 5, 'S134', 0, 'available'),
(1220, 5, 'S135', 0, 'available'),
(1221, 5, 'S136', 0, 'available'),
(1222, 5, 'S137', 0, 'available'),
(1223, 5, 'S138', 0, 'available'),
(1224, 5, 'S139', 0, 'available'),
(1225, 5, 'S140', 0, 'available'),
(1226, 5, 'S141', 0, 'available'),
(1227, 5, 'S142', 0, 'available'),
(1228, 5, 'S143', 0, 'available'),
(1229, 5, 'S144', 0, 'available'),
(1230, 5, 'S145', 0, 'available'),
(1231, 5, 'S146', 0, 'available'),
(1232, 5, 'S147', 0, 'available'),
(1233, 5, 'S148', 0, 'available'),
(1234, 5, 'S149', 0, 'available'),
(1235, 5, 'S150', 0, 'available'),
(1236, 5, 'S151', 0, 'available'),
(1237, 5, 'S152', 0, 'available'),
(1238, 5, 'S153', 0, 'available'),
(1239, 5, 'S154', 0, 'available'),
(1240, 5, 'S155', 0, 'available'),
(1241, 5, 'S156', 0, 'available'),
(1242, 5, 'S157', 0, 'available'),
(1243, 5, 'S158', 0, 'available'),
(1244, 5, 'S159', 0, 'available'),
(1245, 5, 'S160', 0, 'available'),
(1246, 5, 'S161', 0, 'available'),
(1247, 5, 'S162', 0, 'available'),
(1248, 5, 'S163', 0, 'available'),
(1249, 5, 'S164', 0, 'available'),
(1250, 5, 'S165', 0, 'available'),
(1251, 5, 'S166', 0, 'available'),
(1252, 5, 'S167', 0, 'available'),
(1253, 5, 'S168', 0, 'available'),
(1254, 5, 'S169', 0, 'available'),
(1255, 5, 'S170', 0, 'available'),
(1256, 5, 'S171', 0, 'available'),
(1257, 5, 'S172', 0, 'available'),
(1258, 5, 'S173', 0, 'available'),
(1259, 5, 'S174', 0, 'available'),
(1260, 5, 'S175', 0, 'available'),
(1261, 5, 'S176', 0, 'available'),
(1262, 5, 'S177', 0, 'available'),
(1263, 5, 'S178', 0, 'available'),
(1264, 5, 'S179', 0, 'available'),
(1265, 5, 'S180', 0, 'available'),
(1266, 5, 'S181', 0, 'available'),
(1267, 5, 'S182', 0, 'available'),
(1268, 5, 'S183', 0, 'available'),
(1269, 5, 'S184', 0, 'available'),
(1270, 5, 'S185', 0, 'available'),
(1271, 5, 'S186', 0, 'available'),
(1272, 5, 'S187', 0, 'available'),
(1273, 5, 'S188', 0, 'available'),
(1274, 5, 'S189', 0, 'available'),
(1275, 5, 'S190', 0, 'available'),
(1276, 5, 'S191', 0, 'available'),
(1277, 5, 'S192', 0, 'available'),
(1278, 5, 'S193', 0, 'available'),
(1279, 5, 'S194', 0, 'available'),
(1280, 5, 'S195', 0, 'available'),
(1281, 5, 'S196', 0, 'available'),
(1282, 5, 'S197', 0, 'available'),
(1283, 5, 'S198', 0, 'available'),
(1284, 5, 'S199', 0, 'available'),
(1285, 5, 'S200', 0, 'available'),
(1286, 5, 'S201', 0, 'available'),
(1287, 5, 'S202', 0, 'available'),
(1288, 5, 'S203', 0, 'available'),
(1289, 5, 'S204', 0, 'available'),
(1290, 5, 'S205', 0, 'available'),
(1291, 5, 'S206', 0, 'available'),
(1292, 5, 'S207', 0, 'available'),
(1293, 5, 'S208', 0, 'available'),
(1294, 5, 'S209', 0, 'available'),
(1295, 5, 'S210', 0, 'available'),
(1296, 5, 'S211', 0, 'available'),
(1297, 5, 'S212', 0, 'available'),
(1298, 5, 'S213', 0, 'available'),
(1299, 5, 'S214', 0, 'available'),
(1300, 5, 'S215', 0, 'available'),
(1301, 5, 'S216', 0, 'available'),
(1302, 5, 'S217', 0, 'available'),
(1303, 5, 'S218', 0, 'available'),
(1304, 5, 'S219', 0, 'available'),
(1305, 5, 'S220', 0, 'available'),
(1306, 5, 'S221', 0, 'available'),
(1307, 5, 'S222', 0, 'available'),
(1308, 5, 'S223', 0, 'available'),
(1309, 5, 'S224', 0, 'available'),
(1310, 5, 'S225', 0, 'available'),
(1311, 5, 'S226', 0, 'available'),
(1312, 5, 'S227', 0, 'available'),
(1313, 5, 'S228', 0, 'available'),
(1314, 5, 'S229', 0, 'available'),
(1315, 5, 'S230', 0, 'available'),
(1316, 5, 'S231', 0, 'available'),
(1317, 5, 'S232', 0, 'available'),
(1318, 5, 'S233', 0, 'available'),
(1319, 5, 'S234', 0, 'available'),
(1320, 5, 'S235', 0, 'available'),
(1321, 5, 'S236', 0, 'available'),
(1322, 5, 'S237', 0, 'available'),
(1323, 5, 'S238', 0, 'available'),
(1324, 5, 'S239', 0, 'available'),
(1325, 5, 'S240', 0, 'available'),
(1326, 5, 'S241', 0, 'available'),
(1327, 5, 'S242', 0, 'available'),
(1328, 5, 'S243', 0, 'available'),
(1329, 5, 'S244', 0, 'available'),
(1330, 5, 'S245', 0, 'available'),
(1331, 5, 'S246', 0, 'available'),
(1332, 5, 'S247', 0, 'available'),
(1333, 5, 'S248', 0, 'available'),
(1334, 5, 'S249', 0, 'available'),
(1335, 5, 'S250', 0, 'available'),
(1336, 5, 'S251', 0, 'available'),
(1337, 5, 'S252', 0, 'available'),
(1338, 5, 'S253', 0, 'available'),
(1339, 5, 'S254', 0, 'available'),
(1340, 5, 'S255', 0, 'available'),
(1341, 5, 'S256', 0, 'available'),
(1342, 5, 'S257', 0, 'available'),
(1343, 5, 'S258', 0, 'available'),
(1344, 5, 'S259', 0, 'available'),
(1345, 5, 'S260', 0, 'available'),
(1346, 5, 'S261', 0, 'available'),
(1347, 5, 'S262', 0, 'available'),
(1348, 5, 'S263', 0, 'available'),
(1349, 5, 'S264', 0, 'available'),
(1350, 5, 'S265', 0, 'available'),
(1351, 5, 'S266', 0, 'available'),
(1352, 5, 'S267', 0, 'available'),
(1353, 5, 'S268', 0, 'available'),
(1354, 5, 'S269', 0, 'available'),
(1355, 5, 'S270', 0, 'available'),
(1356, 5, 'S271', 0, 'available'),
(1357, 5, 'S272', 0, 'available'),
(1358, 5, 'S273', 0, 'available'),
(1359, 5, 'S274', 0, 'available'),
(1360, 5, 'S275', 0, 'available'),
(1361, 5, 'S276', 0, 'available'),
(1362, 5, 'S277', 0, 'available'),
(1363, 5, 'S278', 0, 'available'),
(1364, 5, 'S279', 0, 'available'),
(1365, 5, 'S280', 0, 'available'),
(1366, 5, 'S281', 0, 'available'),
(1367, 5, 'S282', 0, 'available'),
(1368, 5, 'S283', 0, 'available'),
(1369, 5, 'S284', 0, 'available'),
(1370, 5, 'S285', 0, 'available'),
(1371, 5, 'S286', 0, 'available'),
(1372, 5, 'S287', 0, 'available'),
(1373, 5, 'S288', 0, 'available'),
(1374, 5, 'S289', 0, 'available'),
(1375, 5, 'S290', 0, 'available'),
(1376, 5, 'S291', 0, 'available'),
(1377, 5, 'S292', 0, 'available'),
(1378, 5, 'S293', 0, 'available'),
(1379, 5, 'S294', 0, 'available'),
(1380, 5, 'S295', 0, 'available'),
(1381, 5, 'S296', 0, 'available'),
(1382, 5, 'S297', 0, 'available'),
(1383, 5, 'S298', 0, 'available'),
(1384, 5, 'S299', 0, 'available'),
(1385, 5, 'S300', 0, 'available'),
(1386, 5, 'S301', 0, 'available'),
(1387, 5, 'S302', 0, 'available'),
(1388, 5, 'S303', 0, 'available'),
(1389, 5, 'S304', 0, 'available'),
(1390, 5, 'S305', 0, 'available'),
(1391, 5, 'S306', 0, 'available'),
(1392, 5, 'S307', 0, 'available'),
(1393, 5, 'S308', 0, 'available'),
(1394, 5, 'S309', 0, 'available'),
(1395, 5, 'S310', 0, 'available'),
(1396, 5, 'S311', 0, 'available'),
(1397, 5, 'S312', 0, 'available'),
(1398, 5, 'S313', 0, 'available'),
(1399, 5, 'S314', 0, 'available'),
(1400, 5, 'S315', 0, 'available'),
(1401, 5, 'S316', 0, 'available'),
(1402, 5, 'S317', 0, 'available'),
(1403, 5, 'S318', 0, 'available'),
(1404, 5, 'S319', 0, 'available'),
(1405, 5, 'S320', 0, 'available'),
(1406, 5, 'S321', 0, 'available'),
(1407, 5, 'S322', 0, 'available'),
(1408, 5, 'S323', 0, 'available'),
(1409, 5, 'S324', 0, 'available'),
(1410, 5, 'S325', 0, 'available'),
(1411, 5, 'S326', 0, 'available'),
(1412, 5, 'S327', 0, 'available'),
(1413, 5, 'S328', 0, 'available'),
(1414, 5, 'S329', 0, 'available'),
(1415, 5, 'S330', 0, 'available'),
(1416, 5, 'S331', 0, 'available'),
(1417, 5, 'S332', 0, 'available'),
(1418, 5, 'S333', 0, 'available'),
(1419, 5, 'S334', 0, 'available'),
(1420, 5, 'S335', 0, 'available'),
(1421, 5, 'S336', 0, 'available'),
(1422, 5, 'S337', 0, 'available'),
(1423, 5, 'S338', 0, 'available'),
(1424, 5, 'S339', 0, 'available'),
(1425, 5, 'S340', 0, 'available'),
(1426, 5, 'S341', 0, 'available'),
(1427, 5, 'S342', 0, 'available'),
(1428, 5, 'S343', 0, 'available'),
(1429, 5, 'S344', 0, 'available'),
(1430, 5, 'S345', 0, 'available'),
(1431, 6, 'S1', 0, 'available'),
(1432, 6, 'S2', 0, 'available'),
(1433, 6, 'S3', 0, 'available'),
(1434, 6, 'S4', 0, 'available'),
(1435, 6, 'S5', 0, 'available'),
(1436, 6, 'S6', 0, 'available'),
(1437, 6, 'S7', 0, 'available'),
(1438, 6, 'S8', 0, 'available'),
(1439, 6, 'S9', 0, 'available'),
(1440, 6, 'S10', 0, 'available'),
(1441, 6, 'S11', 0, 'available'),
(1442, 6, 'S12', 0, 'available'),
(1443, 6, 'S13', 0, 'available'),
(1444, 6, 'S14', 0, 'available'),
(1445, 6, 'S15', 0, 'available'),
(1446, 6, 'S16', 0, 'available'),
(1447, 6, 'S17', 0, 'available'),
(1448, 6, 'S18', 0, 'available'),
(1449, 6, 'S19', 0, 'available'),
(1450, 6, 'S20', 0, 'available'),
(1451, 6, 'S21', 0, 'available'),
(1452, 6, 'S22', 0, 'available'),
(1453, 6, 'S23', 0, 'available'),
(1454, 6, 'S24', 0, 'available'),
(1455, 6, 'S25', 0, 'available'),
(1456, 6, 'S26', 0, 'available'),
(1457, 6, 'S27', 0, 'available'),
(1458, 6, 'S28', 0, 'available'),
(1459, 6, 'S29', 0, 'available'),
(1460, 6, 'S30', 0, 'available'),
(1461, 6, 'S31', 0, 'available'),
(1462, 6, 'S32', 0, 'available'),
(1463, 6, 'S33', 0, 'available'),
(1464, 6, 'S34', 0, 'available'),
(1465, 6, 'S35', 0, 'available'),
(1466, 6, 'S36', 0, 'available'),
(1467, 6, 'S37', 0, 'available'),
(1468, 6, 'S38', 0, 'available'),
(1469, 6, 'S39', 0, 'available'),
(1470, 6, 'S40', 0, 'available'),
(1471, 6, 'S41', 0, 'available'),
(1472, 6, 'S42', 0, 'available'),
(1473, 6, 'S43', 0, 'available'),
(1474, 6, 'S44', 0, 'available'),
(1475, 6, 'S45', 0, 'available'),
(1476, 6, 'S46', 0, 'available'),
(1477, 7, 'S1', 0, 'available'),
(1478, 7, 'S2', 0, 'available'),
(1479, 7, 'S3', 0, 'available'),
(1480, 7, 'S4', 0, 'available'),
(1481, 7, 'S5', 0, 'available'),
(1482, 7, 'S6', 0, 'available'),
(1483, 7, 'S7', 0, 'available'),
(1484, 7, 'S8', 0, 'available'),
(1485, 7, 'S9', 0, 'available'),
(1486, 7, 'S10', 0, 'available'),
(1487, 7, 'S11', 0, 'available'),
(1488, 7, 'S12', 0, 'available'),
(1489, 7, 'S13', 0, 'available'),
(1490, 7, 'S14', 0, 'available'),
(1491, 7, 'S15', 0, 'available'),
(1492, 7, 'S16', 0, 'available'),
(1493, 7, 'S17', 0, 'available'),
(1494, 7, 'S18', 0, 'available'),
(1495, 7, 'S19', 0, 'available'),
(1496, 7, 'S20', 0, 'available'),
(1497, 7, 'S21', 0, 'available'),
(1498, 7, 'S22', 0, 'available'),
(1499, 7, 'S23', 0, 'available'),
(1500, 7, 'S24', 0, 'available'),
(1501, 7, 'S25', 0, 'available'),
(1502, 7, 'S26', 0, 'available'),
(1503, 7, 'S27', 0, 'available'),
(1504, 7, 'S28', 0, 'available'),
(1505, 7, 'S29', 0, 'available'),
(1506, 7, 'S30', 0, 'available'),
(1507, 7, 'S31', 0, 'available'),
(1508, 7, 'S32', 0, 'available'),
(1509, 7, 'S33', 0, 'available'),
(1510, 7, 'S34', 0, 'available'),
(1511, 7, 'S35', 0, 'available'),
(1512, 7, 'S36', 0, 'available'),
(1513, 7, 'S37', 0, 'available'),
(1514, 7, 'S38', 0, 'available'),
(1515, 7, 'S39', 0, 'available'),
(1516, 7, 'S40', 0, 'available'),
(1517, 7, 'S41', 0, 'available'),
(1518, 7, 'S42', 0, 'available'),
(1519, 7, 'S43', 0, 'available'),
(1520, 7, 'S44', 0, 'available'),
(1521, 7, 'S45', 0, 'available'),
(1522, 7, 'S46', 0, 'available'),
(1523, 8, 'S1', 0, 'available'),
(1524, 8, 'S2', 0, 'available'),
(1525, 8, 'S3', 0, 'available'),
(1526, 8, 'S4', 0, 'available'),
(1527, 8, 'S5', 0, 'available'),
(1528, 8, 'S6', 0, 'available'),
(1529, 8, 'S7', 0, 'available'),
(1530, 8, 'S8', 0, 'available'),
(1531, 8, 'S9', 0, 'available'),
(1532, 8, 'S10', 0, 'available'),
(1533, 8, 'S11', 0, 'available'),
(1534, 8, 'S12', 0, 'available'),
(1535, 8, 'S13', 0, 'available'),
(1536, 8, 'S14', 0, 'available'),
(1537, 8, 'S15', 0, 'available'),
(1538, 8, 'S16', 0, 'available'),
(1539, 8, 'S17', 0, 'available'),
(1540, 8, 'S18', 0, 'available'),
(1541, 8, 'S19', 0, 'available'),
(1542, 8, 'S20', 0, 'available'),
(1543, 8, 'S21', 0, 'available'),
(1544, 8, 'S22', 0, 'available'),
(1545, 8, 'S23', 0, 'available'),
(1546, 8, 'S24', 0, 'available'),
(1547, 8, 'S25', 0, 'available'),
(1548, 8, 'S26', 0, 'available'),
(1549, 8, 'S27', 0, 'available'),
(1550, 8, 'S28', 0, 'available'),
(1551, 8, 'S29', 0, 'available'),
(1552, 8, 'S30', 0, 'available'),
(1553, 8, 'S31', 0, 'available'),
(1554, 8, 'S32', 0, 'available'),
(1555, 9, 'S1', 0, 'available'),
(1556, 9, 'S2', 0, 'available'),
(1557, 9, 'S3', 0, 'available'),
(1558, 9, 'S4', 0, 'available'),
(1559, 9, 'S5', 0, 'available'),
(1560, 9, 'S6', 0, 'available'),
(1561, 9, 'S7', 0, 'available'),
(1562, 9, 'S8', 0, 'available'),
(1563, 9, 'S9', 0, 'available'),
(1564, 9, 'S10', 0, 'available'),
(1565, 9, 'S11', 0, 'available'),
(1566, 9, 'S12', 0, 'available'),
(1567, 9, 'S13', 0, 'available'),
(1568, 9, 'S14', 0, 'available'),
(1569, 9, 'S15', 0, 'available'),
(1570, 9, 'S16', 0, 'available'),
(1571, 9, 'S17', 0, 'available'),
(1572, 9, 'S18', 0, 'available'),
(1573, 9, 'S19', 0, 'available'),
(1574, 9, 'S20', 0, 'available'),
(1575, 9, 'S21', 0, 'available'),
(1576, 9, 'S22', 0, 'available'),
(1577, 9, 'S23', 0, 'available'),
(1578, 9, 'S24', 0, 'available'),
(1579, 9, 'S25', 0, 'available'),
(1580, 9, 'S26', 0, 'available'),
(1581, 9, 'S27', 0, 'available'),
(1582, 9, 'S28', 0, 'available'),
(1583, 9, 'S29', 0, 'available'),
(1584, 9, 'S30', 0, 'available'),
(1585, 9, 'S31', 0, 'available'),
(1586, 9, 'S32', 0, 'available'),
(1587, 9, 'S33', 0, 'available'),
(1588, 9, 'S34', 0, 'available'),
(1589, 9, 'S35', 0, 'available'),
(1590, 9, 'S36', 0, 'available'),
(1591, 9, 'S37', 0, 'available'),
(1592, 9, 'S38', 0, 'available'),
(1593, 9, 'S39', 0, 'available'),
(1594, 9, 'S40', 0, 'available'),
(1595, 9, 'S41', 0, 'available'),
(1596, 9, 'S42', 0, 'available'),
(1597, 9, 'S43', 0, 'available'),
(1598, 9, 'S44', 0, 'available'),
(1599, 9, 'S45', 0, 'available'),
(1600, 9, 'S46', 0, 'available'),
(1601, 9, 'S47', 0, 'available'),
(1602, 9, 'S48', 0, 'available'),
(1603, 9, 'S49', 0, 'available'),
(1604, 9, 'S50', 0, 'available'),
(1605, 9, 'S51', 0, 'available'),
(1606, 9, 'S52', 0, 'available'),
(1607, 9, 'S53', 0, 'available'),
(1608, 9, 'S54', 0, 'available'),
(1609, 9, 'S55', 0, 'available'),
(1610, 9, 'S56', 0, 'available'),
(1611, 10, 'S1', 0, 'available'),
(1612, 10, 'S2', 0, 'available'),
(1613, 10, 'S3', 0, 'available'),
(1614, 10, 'S4', 0, 'available'),
(1615, 10, 'S5', 0, 'available'),
(1616, 10, 'S6', 0, 'available'),
(1617, 10, 'S7', 0, 'available'),
(1618, 10, 'S8', 0, 'available'),
(1619, 10, 'S9', 0, 'available'),
(1620, 10, 'S10', 0, 'available'),
(1621, 10, 'S11', 0, 'available'),
(1622, 10, 'S12', 0, 'available'),
(1623, 10, 'S13', 0, 'available'),
(1624, 10, 'S14', 0, 'available'),
(1625, 10, 'S15', 0, 'available'),
(1626, 10, 'S16', 0, 'available'),
(1627, 10, 'S17', 0, 'available'),
(1628, 10, 'S18', 0, 'available'),
(1629, 10, 'S19', 0, 'available'),
(1630, 10, 'S20', 0, 'available'),
(1631, 10, 'S21', 0, 'available'),
(1632, 10, 'S22', 0, 'available'),
(1633, 10, 'S23', 0, 'available'),
(1634, 10, 'S24', 0, 'available'),
(1635, 10, 'S25', 0, 'available'),
(1636, 10, 'S26', 0, 'available'),
(1637, 10, 'S27', 0, 'available'),
(1638, 10, 'S28', 0, 'available'),
(1639, 10, 'S29', 0, 'available'),
(1640, 10, 'S30', 0, 'available'),
(1641, 10, 'S31', 0, 'available'),
(1642, 10, 'S32', 0, 'available'),
(1643, 10, 'S33', 0, 'available'),
(1644, 10, 'S34', 0, 'available'),
(1645, 10, 'S35', 0, 'available'),
(1646, 10, 'S36', 0, 'available'),
(1647, 10, 'S37', 0, 'available'),
(1648, 10, 'S38', 0, 'available'),
(1649, 10, 'S39', 0, 'available'),
(1650, 10, 'S40', 0, 'available'),
(1651, 10, 'S41', 0, 'available'),
(1652, 10, 'S42', 0, 'available'),
(1653, 10, 'S43', 0, 'available'),
(1654, 10, 'S44', 0, 'available'),
(1655, 10, 'S45', 0, 'available'),
(1656, 10, 'S46', 0, 'available'),
(1657, 10, 'S47', 0, 'available'),
(1658, 10, 'S48', 0, 'available'),
(1659, 10, 'S49', 0, 'available'),
(1660, 10, 'S50', 0, 'available'),
(1661, 10, 'S51', 0, 'available'),
(1662, 10, 'S52', 0, 'available'),
(1663, 10, 'S53', 0, 'available'),
(1664, 10, 'S54', 0, 'available'),
(1665, 10, 'S55', 0, 'available'),
(1666, 10, 'S56', 0, 'available'),
(1667, 11, 'S1', 0, 'available'),
(1668, 11, 'S2', 0, 'available'),
(1669, 11, 'S3', 0, 'available'),
(1670, 11, 'S4', 0, 'available'),
(1671, 11, 'S5', 0, 'available'),
(1672, 11, 'S6', 0, 'available'),
(1673, 11, 'S7', 0, 'available'),
(1674, 11, 'S8', 0, 'available'),
(1675, 11, 'S9', 0, 'available'),
(1676, 11, 'S10', 0, 'available'),
(1677, 11, 'S11', 0, 'available'),
(1678, 11, 'S12', 0, 'available'),
(1679, 11, 'S13', 0, 'available'),
(1680, 11, 'S14', 0, 'available'),
(1681, 11, 'S15', 0, 'available'),
(1682, 11, 'S16', 0, 'available'),
(1683, 11, 'S17', 0, 'available'),
(1684, 11, 'S18', 0, 'available'),
(1685, 11, 'S19', 0, 'available'),
(1686, 11, 'S20', 0, 'available'),
(1687, 11, 'S21', 0, 'available'),
(1688, 11, 'S22', 0, 'available'),
(1689, 11, 'S23', 0, 'available'),
(1690, 11, 'S24', 0, 'available'),
(1691, 11, 'S25', 0, 'available'),
(1692, 11, 'S26', 0, 'available'),
(1693, 11, 'S27', 0, 'available'),
(1694, 11, 'S28', 0, 'available'),
(1695, 11, 'S29', 0, 'available'),
(1696, 11, 'S30', 0, 'available'),
(1697, 11, 'S31', 0, 'available'),
(1698, 11, 'S32', 0, 'available'),
(1699, 12, 'S1', 0, 'available'),
(1700, 12, 'S2', 0, 'available'),
(1701, 12, 'S3', 0, 'available'),
(1702, 12, 'S4', 0, 'available'),
(1703, 12, 'S5', 0, 'available'),
(1704, 12, 'S6', 0, 'available'),
(1705, 12, 'S7', 0, 'available'),
(1706, 12, 'S8', 0, 'available'),
(1707, 12, 'S9', 0, 'available'),
(1708, 12, 'S10', 0, 'available'),
(1709, 12, 'S11', 0, 'available'),
(1710, 12, 'S12', 0, 'available'),
(1711, 12, 'S13', 0, 'available'),
(1712, 12, 'S14', 0, 'available'),
(1713, 12, 'S15', 0, 'available'),
(1714, 12, 'S16', 0, 'available'),
(1715, 12, 'S17', 0, 'available'),
(1716, 12, 'S18', 0, 'available'),
(1717, 12, 'S19', 0, 'available'),
(1718, 12, 'S20', 0, 'available'),
(1719, 12, 'S21', 0, 'available'),
(1720, 12, 'S22', 0, 'available'),
(1721, 12, 'S23', 0, 'available'),
(1722, 12, 'S24', 0, 'available'),
(1723, 12, 'S25', 0, 'available'),
(1724, 12, 'S26', 0, 'available'),
(1725, 12, 'S27', 0, 'available'),
(1726, 12, 'S28', 0, 'available'),
(1727, 12, 'S29', 0, 'available'),
(1728, 12, 'S30', 0, 'available'),
(1729, 12, 'S31', 0, 'available'),
(1730, 12, 'S32', 0, 'available'),
(1731, 12, 'S33', 0, 'available'),
(1732, 12, 'S34', 0, 'available'),
(1733, 12, 'S35', 0, 'available'),
(1734, 13, 'S1', 0, 'available'),
(1735, 13, 'S2', 0, 'available'),
(1736, 13, 'S3', 0, 'available'),
(1737, 13, 'S4', 0, 'available'),
(1738, 13, 'S5', 0, 'available'),
(1739, 13, 'S6', 0, 'available'),
(1740, 13, 'S7', 0, 'available'),
(1741, 13, 'S8', 0, 'available'),
(1742, 13, 'S9', 0, 'available'),
(1743, 13, 'S10', 0, 'available'),
(1744, 13, 'S11', 0, 'available'),
(1745, 13, 'S12', 0, 'available'),
(1746, 13, 'S13', 0, 'available'),
(1747, 13, 'S14', 0, 'available'),
(1748, 13, 'S15', 0, 'available'),
(1749, 13, 'S16', 0, 'available'),
(1750, 13, 'S17', 0, 'available'),
(1751, 13, 'S18', 0, 'available'),
(1752, 13, 'S19', 0, 'available'),
(1753, 13, 'S20', 0, 'available'),
(1754, 13, 'S21', 0, 'available'),
(1755, 13, 'S22', 0, 'available'),
(1756, 13, 'S23', 0, 'available'),
(1757, 13, 'S24', 0, 'available'),
(1758, 13, 'S25', 0, 'available'),
(1759, 13, 'S26', 0, 'available'),
(1760, 13, 'S27', 0, 'available'),
(1761, 13, 'S28', 0, 'available'),
(1762, 13, 'S29', 0, 'available'),
(1763, 13, 'S30', 0, 'available'),
(1764, 13, 'S31', 0, 'available'),
(1765, 13, 'S32', 0, 'available'),
(1766, 13, 'S33', 0, 'available'),
(1767, 13, 'S34', 0, 'available'),
(1768, 13, 'S35', 0, 'available'),
(1769, 13, 'S36', 0, 'available'),
(1770, 13, 'S37', 0, 'available'),
(1771, 13, 'S38', 0, 'available'),
(1772, 13, 'S39', 0, 'available'),
(1773, 13, 'S40', 0, 'available'),
(1774, 13, 'S41', 0, 'available'),
(1775, 13, 'S42', 0, 'available'),
(1776, 13, 'S43', 0, 'available'),
(1777, 13, 'S44', 0, 'available'),
(1778, 13, 'S45', 0, 'available'),
(1779, 13, 'S46', 0, 'available'),
(1780, 13, 'S47', 0, 'available'),
(1781, 13, 'S48', 0, 'available'),
(1782, 13, 'S49', 0, 'available'),
(1783, 13, 'S50', 0, 'available'),
(1784, 13, 'S51', 0, 'available'),
(1785, 13, 'S52', 0, 'available'),
(1786, 13, 'S53', 0, 'available'),
(1787, 13, 'S54', 0, 'available'),
(1788, 13, 'S55', 0, 'available'),
(1789, 13, 'S56', 0, 'available'),
(1790, 13, 'S57', 0, 'available'),
(1791, 13, 'S58', 0, 'available'),
(1792, 13, 'S59', 0, 'available'),
(1793, 13, 'S60', 0, 'available'),
(1794, 14, 'S1', 0, 'available'),
(1795, 14, 'S2', 0, 'available'),
(1796, 14, 'S3', 0, 'available'),
(1797, 14, 'S4', 0, 'available'),
(1798, 14, 'S5', 0, 'available'),
(1799, 14, 'S6', 0, 'available'),
(1800, 14, 'S7', 0, 'available'),
(1801, 14, 'S8', 0, 'available'),
(1802, 14, 'S9', 0, 'available'),
(1803, 14, 'S10', 0, 'available'),
(1804, 14, 'S11', 0, 'available'),
(1805, 14, 'S12', 0, 'available'),
(1806, 14, 'S13', 0, 'available'),
(1807, 14, 'S14', 0, 'available'),
(1808, 14, 'S15', 0, 'available'),
(1809, 14, 'S16', 0, 'available'),
(1810, 14, 'S17', 0, 'available'),
(1811, 14, 'S18', 0, 'available'),
(1812, 14, 'S19', 0, 'available'),
(1813, 14, 'S20', 0, 'available'),
(1814, 14, 'S21', 0, 'available'),
(1815, 14, 'S22', 0, 'available'),
(1816, 14, 'S23', 0, 'available'),
(1817, 14, 'S24', 0, 'available'),
(1818, 14, 'S25', 0, 'available'),
(1819, 14, 'S26', 0, 'available'),
(1820, 14, 'S27', 0, 'available'),
(1821, 14, 'S28', 0, 'available'),
(1822, 14, 'S29', 0, 'available'),
(1823, 14, 'S30', 0, 'available'),
(1824, 14, 'S31', 0, 'available'),
(1825, 14, 'S32', 0, 'available'),
(1826, 14, 'S33', 0, 'available'),
(1827, 14, 'S34', 0, 'available'),
(1828, 14, 'S35', 0, 'available'),
(1829, 14, 'S36', 0, 'available'),
(1830, 14, 'S37', 0, 'available'),
(1831, 14, 'S38', 0, 'available'),
(1832, 14, 'S39', 0, 'available'),
(1833, 14, 'S40', 0, 'available'),
(1834, 14, 'S41', 0, 'available'),
(1835, 14, 'S42', 0, 'available'),
(1836, 14, 'S43', 0, 'available'),
(1837, 14, 'S44', 0, 'available'),
(1838, 14, 'S45', 0, 'available'),
(1839, 14, 'S46', 0, 'available'),
(1840, 14, 'S47', 0, 'available'),
(1841, 14, 'S48', 0, 'available'),
(1842, 14, 'S49', 0, 'available'),
(1843, 14, 'S50', 0, 'available'),
(1844, 15, 'S1', 0, 'available'),
(1845, 15, 'S2', 0, 'available'),
(1846, 15, 'S3', 0, 'available'),
(1847, 15, 'S4', 0, 'available'),
(1848, 15, 'S5', 0, 'available'),
(1849, 15, 'S6', 0, 'available'),
(1850, 15, 'S7', 0, 'available'),
(1851, 15, 'S8', 0, 'available'),
(1852, 15, 'S9', 0, 'available'),
(1853, 15, 'S10', 0, 'available'),
(1854, 15, 'S11', 0, 'available'),
(1855, 15, 'S12', 0, 'available'),
(1856, 15, 'S13', 0, 'available'),
(1857, 15, 'S14', 0, 'available'),
(1858, 15, 'S15', 0, 'available'),
(1859, 15, 'S16', 0, 'available'),
(1860, 15, 'S17', 0, 'available'),
(1861, 15, 'S18', 0, 'available'),
(1862, 15, 'S19', 0, 'available'),
(1863, 15, 'S20', 0, 'available'),
(1864, 15, 'S21', 0, 'available'),
(1865, 15, 'S22', 0, 'available'),
(1866, 15, 'S23', 0, 'available'),
(1867, 15, 'S24', 0, 'available'),
(1868, 15, 'S25', 0, 'available'),
(1869, 15, 'S26', 0, 'available'),
(1870, 15, 'S27', 0, 'available'),
(1871, 15, 'S28', 0, 'available'),
(1872, 15, 'S29', 0, 'available'),
(1873, 15, 'S30', 0, 'available'),
(1874, 15, 'S31', 0, 'available'),
(1875, 15, 'S32', 0, 'available'),
(1876, 15, 'S33', 0, 'available'),
(1877, 15, 'S34', 0, 'available'),
(1878, 15, 'S35', 0, 'available'),
(1879, 15, 'S36', 0, 'available'),
(1880, 15, 'S37', 0, 'available'),
(1881, 15, 'S38', 0, 'available'),
(1882, 15, 'S39', 0, 'available'),
(1883, 15, 'S40', 0, 'available'),
(1884, 15, 'S41', 0, 'available'),
(1885, 15, 'S42', 0, 'available'),
(1886, 15, 'S43', 0, 'available'),
(1887, 15, 'S44', 0, 'available'),
(1888, 15, 'S45', 0, 'available'),
(1889, 15, 'S46', 0, 'available'),
(1890, 15, 'S47', 0, 'available'),
(1891, 15, 'S48', 0, 'available'),
(1892, 15, 'S49', 0, 'available'),
(1893, 15, 'S50', 0, 'available'),
(1894, 16, 'S1', 0, 'available'),
(1895, 16, 'S2', 0, 'available'),
(1896, 16, 'S3', 0, 'available'),
(1897, 16, 'S4', 0, 'available'),
(1898, 16, 'S5', 0, 'available'),
(1899, 16, 'S6', 0, 'available'),
(1900, 16, 'S7', 0, 'available'),
(1901, 16, 'S8', 0, 'available'),
(1902, 16, 'S9', 0, 'available'),
(1903, 16, 'S10', 0, 'available'),
(1904, 16, 'S11', 0, 'available'),
(1905, 16, 'S12', 0, 'available'),
(1906, 16, 'S13', 0, 'available'),
(1907, 16, 'S14', 0, 'available'),
(1908, 16, 'S15', 0, 'available'),
(1909, 16, 'S16', 0, 'available'),
(1910, 16, 'S17', 0, 'available'),
(1911, 16, 'S18', 0, 'available'),
(1912, 16, 'S19', 0, 'available'),
(1913, 16, 'S20', 0, 'available'),
(1914, 16, 'S21', 0, 'available'),
(1915, 16, 'S22', 0, 'available'),
(1916, 16, 'S23', 0, 'available'),
(1917, 16, 'S24', 0, 'available'),
(1918, 16, 'S25', 0, 'available'),
(1919, 16, 'S26', 0, 'available'),
(1920, 16, 'S27', 0, 'available'),
(1921, 16, 'S28', 0, 'available'),
(1922, 16, 'S29', 0, 'available'),
(1923, 16, 'S30', 0, 'available'),
(1924, 16, 'S31', 0, 'available'),
(1925, 16, 'S32', 0, 'available'),
(1926, 16, 'S33', 0, 'available'),
(1927, 16, 'S34', 0, 'available'),
(1928, 16, 'S35', 0, 'available'),
(1929, 16, 'S36', 0, 'available'),
(1930, 16, 'S37', 0, 'available'),
(1931, 16, 'S38', 0, 'available'),
(1932, 16, 'S39', 0, 'available'),
(1933, 16, 'S40', 0, 'available'),
(1934, 16, 'S41', 0, 'available'),
(1935, 16, 'S42', 0, 'available'),
(1936, 16, 'S43', 0, 'available'),
(1937, 16, 'S44', 0, 'available'),
(1938, 16, 'S45', 0, 'available'),
(1939, 16, 'S46', 0, 'available'),
(1940, 16, 'S47', 0, 'available'),
(1941, 16, 'S48', 0, 'available'),
(1942, 16, 'S49', 0, 'available'),
(1943, 16, 'S50', 0, 'available'),
(1944, 17, 'S1', 0, 'available'),
(1945, 17, 'S2', 0, 'available'),
(1946, 17, 'S3', 0, 'available'),
(1947, 17, 'S4', 0, 'available'),
(1948, 17, 'S5', 0, 'available'),
(1949, 17, 'S6', 0, 'available'),
(1950, 17, 'S7', 0, 'available'),
(1951, 17, 'S8', 0, 'available'),
(1952, 17, 'S9', 0, 'available'),
(1953, 17, 'S10', 0, 'available'),
(1954, 17, 'S11', 0, 'available'),
(1955, 17, 'S12', 0, 'available'),
(1956, 17, 'S13', 0, 'available'),
(1957, 17, 'S14', 0, 'available'),
(1958, 17, 'S15', 0, 'available'),
(1959, 17, 'S16', 0, 'available'),
(1960, 17, 'S17', 0, 'available'),
(1961, 17, 'S18', 0, 'available'),
(1962, 17, 'S19', 0, 'available'),
(1963, 17, 'S20', 0, 'available'),
(1964, 17, 'S21', 0, 'available'),
(1965, 17, 'S22', 0, 'available'),
(1966, 17, 'S23', 0, 'available'),
(1967, 17, 'S24', 0, 'available'),
(1968, 17, 'S25', 0, 'available'),
(1969, 17, 'S26', 0, 'available'),
(1970, 17, 'S27', 0, 'available'),
(1971, 17, 'S28', 0, 'available'),
(1972, 17, 'S29', 0, 'available'),
(1973, 17, 'S30', 0, 'available'),
(1974, 17, 'S31', 0, 'available'),
(1975, 17, 'S32', 0, 'available'),
(1976, 17, 'S33', 0, 'available'),
(1977, 17, 'S34', 0, 'available'),
(1978, 17, 'S35', 0, 'available'),
(1979, 17, 'S36', 0, 'available'),
(1980, 17, 'S37', 0, 'available'),
(1981, 17, 'S38', 0, 'available'),
(1982, 17, 'S39', 0, 'available'),
(1983, 17, 'S40', 0, 'available'),
(1984, 17, 'S41', 0, 'available'),
(1985, 17, 'S42', 0, 'available'),
(1986, 17, 'S43', 0, 'available'),
(1987, 17, 'S44', 0, 'available'),
(1988, 17, 'S45', 0, 'available'),
(1989, 17, 'S46', 0, 'available'),
(1990, 17, 'S47', 0, 'available'),
(1991, 17, 'S48', 0, 'available'),
(1992, 17, 'S49', 0, 'available'),
(1993, 17, 'S50', 0, 'available'),
(1994, 18, 'S1', 0, 'available'),
(1995, 18, 'S2', 0, 'available'),
(1996, 18, 'S3', 0, 'available'),
(1997, 18, 'S4', 0, 'available'),
(1998, 18, 'S5', 0, 'available'),
(1999, 18, 'S6', 0, 'available'),
(2000, 18, 'S7', 0, 'available'),
(2001, 18, 'S8', 0, 'available'),
(2002, 18, 'S9', 0, 'available'),
(2003, 18, 'S10', 0, 'available'),
(2004, 18, 'S11', 0, 'available'),
(2005, 18, 'S12', 0, 'available'),
(2006, 18, 'S13', 0, 'available'),
(2007, 18, 'S14', 0, 'available'),
(2008, 18, 'S15', 0, 'available'),
(2009, 18, 'S16', 0, 'available'),
(2010, 18, 'S17', 0, 'available'),
(2011, 18, 'S18', 0, 'available'),
(2012, 18, 'S19', 0, 'available'),
(2013, 18, 'S20', 0, 'available'),
(2014, 18, 'S21', 0, 'available'),
(2015, 18, 'S22', 0, 'available'),
(2016, 18, 'S23', 0, 'available'),
(2017, 18, 'S24', 0, 'available'),
(2018, 18, 'S25', 0, 'available'),
(2019, 18, 'S26', 0, 'available'),
(2020, 18, 'S27', 0, 'available'),
(2021, 18, 'S28', 0, 'available'),
(2022, 18, 'S29', 0, 'available'),
(2023, 18, 'S30', 0, 'available'),
(2024, 18, 'S31', 0, 'available'),
(2025, 18, 'S32', 0, 'available'),
(2026, 19, 'S1', 0, 'available'),
(2027, 19, 'S2', 0, 'available'),
(2028, 19, 'S3', 0, 'available'),
(2029, 19, 'S4', 0, 'available'),
(2030, 19, 'S5', 0, 'available'),
(2031, 19, 'S6', 0, 'available'),
(2032, 19, 'S7', 0, 'available'),
(2033, 19, 'S8', 0, 'available'),
(2034, 19, 'S9', 0, 'available'),
(2035, 19, 'S10', 0, 'available'),
(2036, 19, 'S11', 0, 'available'),
(2037, 19, 'S12', 0, 'available'),
(2038, 19, 'S13', 0, 'available'),
(2039, 19, 'S14', 0, 'available'),
(2040, 19, 'S15', 0, 'available'),
(2041, 19, 'S16', 0, 'available'),
(2042, 19, 'S17', 0, 'available'),
(2043, 19, 'S18', 0, 'available'),
(2044, 19, 'S19', 0, 'available'),
(2045, 19, 'S20', 0, 'available'),
(2046, 19, 'S21', 0, 'available'),
(2047, 19, 'S22', 0, 'available'),
(2048, 19, 'S23', 0, 'available'),
(2049, 19, 'S24', 0, 'available'),
(2050, 19, 'S25', 0, 'available'),
(2051, 19, 'S26', 0, 'available'),
(2052, 19, 'S27', 0, 'available'),
(2053, 19, 'S28', 0, 'available'),
(2054, 19, 'S29', 0, 'available'),
(2055, 19, 'S30', 0, 'available'),
(2056, 19, 'S31', 0, 'available'),
(2057, 19, 'S32', 0, 'available'),
(2058, 19, 'S33', 0, 'available'),
(2059, 19, 'S34', 0, 'available'),
(2060, 19, 'S35', 0, 'available'),
(2061, 19, 'S36', 0, 'available'),
(2062, 19, 'S37', 0, 'available'),
(2063, 19, 'S38', 0, 'available'),
(2064, 19, 'S39', 0, 'available'),
(2065, 19, 'S40', 0, 'available'),
(2066, 19, 'S41', 0, 'available'),
(2067, 19, 'S42', 0, 'available'),
(2068, 19, 'S43', 0, 'available'),
(2069, 19, 'S44', 0, 'available'),
(2070, 19, 'S45', 0, 'available'),
(2071, 20, 'S1', 0, 'available'),
(2072, 20, 'S2', 0, 'available'),
(2073, 20, 'S3', 0, 'available'),
(2074, 20, 'S4', 0, 'available'),
(2075, 20, 'S5', 0, 'available'),
(2076, 20, 'S6', 0, 'available'),
(2077, 20, 'S7', 0, 'available'),
(2078, 20, 'S8', 0, 'available'),
(2079, 20, 'S9', 0, 'available'),
(2080, 20, 'S10', 0, 'available'),
(2081, 20, 'S11', 0, 'available'),
(2082, 20, 'S12', 0, 'available'),
(2083, 20, 'S13', 0, 'available'),
(2084, 20, 'S14', 0, 'available'),
(2085, 20, 'S15', 0, 'available'),
(2086, 20, 'S16', 0, 'available'),
(2087, 20, 'S17', 0, 'available'),
(2088, 20, 'S18', 0, 'available'),
(2089, 20, 'S19', 0, 'available'),
(2090, 20, 'S20', 0, 'available'),
(2091, 21, 'S1', 0, 'available'),
(2092, 21, 'S2', 0, 'available'),
(2093, 21, 'S3', 0, 'available'),
(2094, 21, 'S4', 0, 'available'),
(2095, 21, 'S5', 0, 'available'),
(2096, 21, 'S6', 0, 'available'),
(2097, 21, 'S7', 0, 'available'),
(2098, 21, 'S8', 0, 'available'),
(2099, 21, 'S9', 0, 'available'),
(2100, 21, 'S10', 0, 'available'),
(2101, 21, 'S11', 0, 'available'),
(2102, 21, 'S12', 0, 'available'),
(2103, 21, 'S13', 0, 'available'),
(2104, 21, 'S14', 0, 'available'),
(2105, 21, 'S15', 0, 'available'),
(2106, 21, 'S16', 0, 'available'),
(2107, 21, 'S17', 0, 'available'),
(2108, 21, 'S18', 0, 'available'),
(2109, 21, 'S19', 0, 'available'),
(2110, 21, 'S20', 0, 'available'),
(2111, 21, 'S21', 0, 'available'),
(2112, 21, 'S22', 0, 'available'),
(2113, 21, 'S23', 0, 'available'),
(2114, 21, 'S24', 0, 'available'),
(2115, 21, 'S25', 0, 'available'),
(2116, 21, 'S26', 0, 'available'),
(2117, 21, 'S27', 0, 'available'),
(2118, 21, 'S28', 0, 'available'),
(2119, 21, 'S29', 0, 'available'),
(2120, 21, 'S30', 0, 'available'),
(2121, 21, 'S31', 0, 'available'),
(2122, 21, 'S32', 0, 'available'),
(2123, 21, 'S33', 0, 'available'),
(2124, 21, 'S34', 0, 'available'),
(2125, 21, 'S35', 0, 'available'),
(2126, 21, 'S36', 0, 'available'),
(2127, 21, 'S37', 0, 'available'),
(2128, 21, 'S38', 0, 'available'),
(2129, 21, 'S39', 0, 'available'),
(2130, 21, 'S40', 0, 'available'),
(2131, 21, 'S41', 0, 'available'),
(2132, 21, 'S42', 0, 'available'),
(2133, 21, 'S43', 0, 'available'),
(2134, 21, 'S44', 0, 'available'),
(2135, 21, 'S45', 0, 'available'),
(2136, 21, 'S46', 0, 'available'),
(2137, 21, 'S47', 0, 'available'),
(2138, 21, 'S48', 0, 'available'),
(2139, 21, 'S49', 0, 'available'),
(2140, 21, 'S50', 0, 'available');

-- --------------------------------------------------------

--
-- Table structure for table `users`
--

CREATE TABLE `users` (
  `id` int(11) NOT NULL,
  `email` varchar(255) NOT NULL,
  `password` varchar(255) NOT NULL,
  `created_at` timestamp NOT NULL DEFAULT current_timestamp(),
  `name` varchar(255) NOT NULL,
  `is_logged_out` tinyint(1) DEFAULT 0
) ENGINE=InnoDB DEFAULT CHARSET=utf8mb4 COLLATE=utf8mb4_general_ci;

--
-- Dumping data for table `users`
--

INSERT INTO `users` (`id`, `email`, `password`, `created_at`, `name`, `is_logged_out`) VALUES
(1, 'Prathibha@1234', '$2y$10$JufPZ5WAzj.Uwf43p32YzuTZYc7QzqjteVUm6YOY1Rmh3VUNnyb0.', '2025-03-24 08:07:08', 'prathibha', 0),
(4, 'prathibhapoojari@2929.com', '$2y$10$9OX8LzEUn0wEgz5WWhiYSeV2BUEUGVeXBpn1tDmwXcP3qXUuFc.su', '2025-03-26 13:34:38', 'prathibha poojari', 0),
(5, 'shilpa@123.com', '$2y$10$VE.zC2f7fzeCvSWgMoDonujOyv/lyuWDmaApY4dANTKw7IdDwA56i', '2025-04-01 04:46:14', 'shilpa', 0),
(6, 'snpp@123.com', '$2y$10$gCHd8eB56UBW/yJnGEWJo.68xuvG3y/8qFrBwyrWjSVDtWfZ3wELK', '2025-04-05 05:10:52', 'snpp', 0),
(7, 'Prathibha@1234.com', '$2y$10$JvAZWE4ao7KquTN3Ym9Eme6i9JbrX7xKwLBo7kxcEpLplK.meGmYK', '2025-04-05 05:12:16', 'prathibha', 0),
(8, 'swathi@123.com', '$2y$10$Xn40TvrdzGGyb3Y4k0qJv.2I0G7XQqoQ75Q1PAzsiLjt3SLo7DjCu', '2025-04-05 06:51:02', 'swathi', 0),
(9, 'prathibha@123.com', '$2y$10$011PGdoxNXRQVYEqJZCDbOOK7B9TwyhN1CEGKs7uW.NggL57JpeDa', '2025-04-07 13:38:45', 'Prathibha Poojari', 1),
(10, 'vasanthi@123.com', '$2y$10$QPUl7U1oiMNtM/z8Aoi4.uRW8ThP3rt6m.WaE24AX0BzTSGzKF1t.', '2025-04-08 16:35:19', 'vasanthi', 1),
(11, 'kamala@123.com', '$2y$10$4tPxWU/9rWOoVkLuYfC1wujX51Yhfu5JI4ubA7euzUnZesKfxkr/y', '2025-04-15 04:38:24', 'kamala', 1),
(12, 'lakshimi@123.com', '$2y$10$1MyMxLyYoKA0uhfh94B9.uqzmy2Bn/XFvHLdwMnNsnVJbq0t8h9Zu', '2025-04-21 06:22:57', 'lakshmi', 1),
(13, 'chandra@123.com', '$2y$10$6SjeGfnmV6KR0T/5gSr2u.JBg4MW9V7uz76ZfpAHbubk40WDw7vwG', '2025-04-21 07:04:56', 'chandra', 1),
(14, 'raksha@gmail.com', '$2y$10$CkEo.Cts1vWjuKPnxs7uEOaupzNiKgwa.ACvXnNmLK.V9pLkdpHxe', '2025-04-23 09:02:48', 'raksha', 0),
(15, 'sharath@123.com', '$2y$10$ib.cgCC//adHCWwjtVu2dOhPYJ1obRgTpo1Tyq8JwhKTm3xw63Zz6', '2025-04-23 09:18:14', 'sharath', 1),
(16, 'netra@gmail.com', '$2y$10$eWaPjJhqeONFdAqN7YN8F.SAIFw8inn8rG090pKqNGI6c7.h67ojO', '2025-04-28 04:15:42', 'netra', 1),
(17, 'anu123@gmail.com', '$2y$10$hQuoyL5Lei/b8/WFgPjTzuEeEwWldK0yGMOQT7J2hNDDsl/JDy0rO', '2025-04-28 04:19:38', 'anu', 0),
(18, 'rani@sdfds.com', '$2y$10$/jl1mhpHw5C.oMuZmsxYH.E3tMXgY2o7V0OiBBeJXJmSbhBKjrINu', '2025-04-28 09:21:57', 'rani', 1),
(19, 'sdfvbn@dfg.com', '$2y$10$vIlyRNRRW5dYtU9gfUSQ/OgEwyMxXGNPuU5mN9kVlDkh1Kwbk3CNq', '2025-04-28 09:50:43', 'fghj', 0),
(20, 'Prathibha@gmail.com', '$2y$10$zFoLeh/FyUVhED.N6yvb3eC/prb6KGFy1cop5FwJyG8f5xBhVyLuq', '2025-04-28 09:57:03', 'puiy', 0),
(21, 'anu@gmail.com', '$2y$10$OjxwfG.z/x9WHDOsorV5sO1cnIk4rsevKnZSm18pZC0EeKW/H7LJq', '2025-04-28 10:02:06', 'anu', 0),
(22, 'sinchu@gmail.com', '$2y$10$feNKXgmFZsDDmYfeU08Jc.ZPVKnpMSooMOza5Cmn0b3iewTjb5Jpm', '2025-04-28 16:19:22', 'sinchu', 1),
(23, 'pradheem03@gmail.com', '$2y$10$D1G02xmDWpKvzvRXqrIJoOXnVpLRNygvXvthe5dKUzFFmeugjtmIe', '2025-05-02 10:15:00', 'pradheem', 1),
(24, 'pra@gmail.com', '$2y$10$HCaY5HL7eMh2kXq4MzIgOOEh74saocVZ0kVDi0E7Y8xVow/yOsAVm', '2025-05-05 10:09:14', '456', 0),
(25, 'd@gmail.com', '$2y$10$3smbBjLMkfeiYRw.jsfEHe.TmbvcITAD2Z293IObHwWI81al0rxoi', '2025-05-05 14:08:37', 'd', 0);

--
-- Indexes for dumped tables
--

--
-- Indexes for table `admin`
--
ALTER TABLE `admin`
  ADD PRIMARY KEY (`id`),
  ADD UNIQUE KEY `username` (`username`);

--
-- Indexes for table `bookings`
--
ALTER TABLE `bookings`
  ADD PRIMARY KEY (`id`),
  ADD KEY `user_id` (`user_id`),
  ADD KEY `bus_id` (`bus_id`);

--
-- Indexes for table `buses`
--
ALTER TABLE `buses`
  ADD PRIMARY KEY (`id`);

--
-- Indexes for table `cancellations`
--
ALTER TABLE `cancellations`
  ADD PRIMARY KEY (`id`),
  ADD KEY `user_id` (`user_id`),
  ADD KEY `bus_id` (`bus_id`),
  ADD KEY `fk_booking_id` (`booking_id`);

--
-- Indexes for table `maintenance_logs`
--
ALTER TABLE `maintenance_logs`
  ADD PRIMARY KEY (`id`),
  ADD KEY `bus_id` (`bus_id`);

--
-- Indexes for table `payments`
--
ALTER TABLE `payments`
  ADD PRIMARY KEY (`id`),
  ADD KEY `user_id` (`user_id`),
  ADD KEY `bus_id` (`bus_id`);

--
-- Indexes for table `receipts`
--
ALTER TABLE `receipts`
  ADD PRIMARY KEY (`id`);

--
-- Indexes for table `seats`
--
ALTER TABLE `seats`
  ADD PRIMARY KEY (`id`),
  ADD KEY `bus_id` (`bus_id`);

--
-- Indexes for table `users`
--
ALTER TABLE `users`
  ADD PRIMARY KEY (`id`),
  ADD UNIQUE KEY `email` (`email`);

--
-- AUTO_INCREMENT for dumped tables
--

--
-- AUTO_INCREMENT for table `admin`
--
ALTER TABLE `admin`
  MODIFY `id` int(11) NOT NULL AUTO_INCREMENT, AUTO_INCREMENT=2;

--
-- AUTO_INCREMENT for table `bookings`
--
ALTER TABLE `bookings`
  MODIFY `id` int(11) NOT NULL AUTO_INCREMENT, AUTO_INCREMENT=104;

--
-- AUTO_INCREMENT for table `buses`
--
ALTER TABLE `buses`
  MODIFY `id` int(11) NOT NULL AUTO_INCREMENT, AUTO_INCREMENT=22;

--
-- AUTO_INCREMENT for table `cancellations`
--
ALTER TABLE `cancellations`
  MODIFY `id` int(11) NOT NULL AUTO_INCREMENT, AUTO_INCREMENT=10;

--
-- AUTO_INCREMENT for table `maintenance_logs`
--
ALTER TABLE `maintenance_logs`
  MODIFY `id` int(11) NOT NULL AUTO_INCREMENT;

--
-- AUTO_INCREMENT for table `payments`
--
ALTER TABLE `payments`
  MODIFY `id` int(11) NOT NULL AUTO_INCREMENT, AUTO_INCREMENT=53;

--
-- AUTO_INCREMENT for table `receipts`
--
ALTER TABLE `receipts`
  MODIFY `id` int(11) NOT NULL AUTO_INCREMENT;

--
-- AUTO_INCREMENT for table `seats`
--
ALTER TABLE `seats`
  MODIFY `id` int(11) NOT NULL AUTO_INCREMENT, AUTO_INCREMENT=2141;

--
-- AUTO_INCREMENT for table `users`
--
ALTER TABLE `users`
  MODIFY `id` int(11) NOT NULL AUTO_INCREMENT, AUTO_INCREMENT=26;

--
-- Constraints for dumped tables
--

--
-- Constraints for table `bookings`
--
ALTER TABLE `bookings`
  ADD CONSTRAINT `bookings_ibfk_1` FOREIGN KEY (`user_id`) REFERENCES `users` (`id`) ON DELETE CASCADE,
  ADD CONSTRAINT `bookings_ibfk_2` FOREIGN KEY (`bus_id`) REFERENCES `buses` (`id`) ON DELETE CASCADE;

--
-- Constraints for table `cancellations`
--
ALTER TABLE `cancellations`
  ADD CONSTRAINT `cancellations_ibfk_2` FOREIGN KEY (`user_id`) REFERENCES `users` (`id`),
  ADD CONSTRAINT `cancellations_ibfk_3` FOREIGN KEY (`bus_id`) REFERENCES `buses` (`id`),
  ADD CONSTRAINT `fk_booking_id` FOREIGN KEY (`booking_id`) REFERENCES `bookings` (`id`) ON DELETE SET NULL;

--
-- Constraints for table `maintenance_logs`
--
ALTER TABLE `maintenance_logs`
  ADD CONSTRAINT `maintenance_logs_ibfk_1` FOREIGN KEY (`bus_id`) REFERENCES `buses` (`id`);

--
-- Constraints for table `payments`
--
ALTER TABLE `payments`
  ADD CONSTRAINT `payments_ibfk_1` FOREIGN KEY (`user_id`) REFERENCES `users` (`id`),
  ADD CONSTRAINT `payments_ibfk_2` FOREIGN KEY (`bus_id`) REFERENCES `buses` (`id`);

--
-- Constraints for table `seats`
--
ALTER TABLE `seats`
  ADD CONSTRAINT `seats_ibfk_1` FOREIGN KEY (`bus_id`) REFERENCES `buses` (`id`) ON DELETE CASCADE;
COMMIT;

/*!40101 SET CHARACTER_SET_CLIENT=@OLD_CHARACTER_SET_CLIENT */;
/*!40101 SET CHARACTER_SET_RESULTS=@OLD_CHARACTER_SET_RESULTS */;
/*!40101 SET COLLATION_CONNECTION=@OLD_COLLATION_CONNECTION */;
